Unnamed: 0,Unnamed: 1,N,Mean,Std. error,ANOVA,Sig,Post-Hoc
NS,HCASDSZTotal,34323399,2.502.131.912.18,0.1060.0980.1010.063,"F(2, 64) = 8.257",p = .001,SZ < HC (p < .001)ASD < HC (p = .030)
NT,HCASDSZTotal,34323399,8.186.563.185.99,0.7380.7340.4450.429,"F(2, 60) = 19.658",p < .001,SZ < HC (p < .001)SZ < ASD (p < .001)
FT1,HCASDSZTotal,34323399,0.2080.0610.0050.0929,0.0460.0280.0030.020,"F(2, 43) = 11.258",p < .001,SZ < HC (p < .001)ASD < HC (p = .025)
FT2,HCASDSZTotal,34323399,0.4930.6910.8700.683,0.0600.0440.0290.032,"F(2, 59) = 17.892",p < .001,SZ > HC (p < .001)ASD > HC (p = .027)SZ > ASD (p = .004)
FT3,HCASDSZTotal,34323399,0.2970.2480.1000.216,0.0340.0310.0200.018,"F(2, 60) = 16.356",p < .001,SZ < HC (p < .001)SZ < ASD (p < .001)
DT1,HCASDSZTotal,187429,95.29890.39325.12584.435,11.68722.2319.1209.926,"F(2, 12) = 11.903",p = .001,SZ < HC (p = .001)SZ < ASD (p = .063)
DT2,HCASDSZTotal,33323398,177.981263.230439.862294.002,35.94944.53847.74726.974,"F(2, 62) = 9.514",p < .001,SZ > HC (p < .001)SZ > ASD (p = .024)
DT3,HCASDSZTotal,33292486,63.15660.02549.38758.259,5.3043.6285.6132.878,"F(2, 51) = 1.769",p = .181,N.A.
