ADHD group,Adults (n = 39),Adolescents (n = 40),Adolescents (n = 40).1,P-value
Gender (M/F) 0.026224,(20/19),(31/9),(26/9),
Age (years),31.59 ± 10.13,14.11 ± 1.83,8.64 ± 0.81,<0.00001
Data range (years),21–50,11.41–17.61,7.24–9.98,
OA score,63.49 ± 4.99,70.18 ± 46,70.74 ± 7.81,
H score,31.57 ± 4.63,65.95 ± 11.89,66.69 ± 12.69,
IA score,35.77 ± 2.78,68.88 ± 9.16,69.89 ± 8.87,
